t,x,y
0.0,0.0,0.0
0.2,0.03915141967920442,0.10121418009640172
0.4,0.08441182937032969,0.20484689216356358
0.6000000000000001,0.1354925746755325,0.3108687310902329
0.8,0.19210969331003602,0.4192309528966196
1.0,0.2539862136444921,0.5298658692941969
1.2000000000000002,0.3208543966612453,0.6426873955908529
1.4000000000000001,0.3924579031769079,0.7575917475063545
1.6,0.46855386878858934,0.8744582812577315
1.8,0.548914869748057,0.993150470114476
2.0,0.6333307638509934,1.1135170095188007
2.2,0.7216103914402083,1.235393041825524
2.4000000000000004,0.8135831227539791,1.3586014907478783
2.6,0.9091002390944544,1.482954494707531
2.8000000000000003,1.0080361366362065,1.6082549274865134
3.0,1.1102893431306637,1.7342979938720875
3.2,1.2157833392766748,1.8608728873785565
3.4000000000000004,1.3244671781085906,1.987764496627523
3.6,1.4363158973882098,2.114755146574251
3.8000000000000003,1.5513307216624634,2.2416263604857134
4.0,1.669539052351278,2.368160628407926
4.2,1.790994245945852,2.494143167807665
4.4,1.915775182112724,2.619363662136975
4.6000000000000005,2.0439856251996313,2.7436179632476163
4.800000000000001,2.1757533843114736,2.8667097438751843
5.0,2.3112292787551683,2.988452086816822
5.2,2.4505859172276505,3.108668997938871
5.4,2.594016300628906,3.2271968307673635
5.6000000000000005,2.741732259809633,3.3438856111299673
5.800000000000001,2.893962740899222,3.4586002511270193
6.0,3.050951952093532,3.5712216426051184
6.2,3.2129573869033567,3.6816476212821208
6.4,3.3802477398644446,3.789793793719393
6.6000000000000005,3.553100731580459,3.8955942204473653
6.800000000000001,3.731800860704108,3.999001949714814
7.0,3.9166371010531407,4.099989397541402
7.2,4.107900562501957,4.198548570997149
7.4,4.3058821345828395,4.29469113290147
7.6000000000000005,4.510870131870751,4.3884483074180896
7.800000000000001,4.723147960211214,4.4798706273099915
8.0,4.9429918226820595,4.569027524900244
8.200000000000001,5.170668483858239,4.656006770049711
8.4,5.406433110476894,4.740913759700919
8.6,5.650527205981552,4.823870664738941
8.8,5.90317665566428,4.905015441075001
9.0,6.164589898229522,4.984500712957672
9.200000000000001,6.4349562385799235,5.0624925375507095
9.4,6.7144443154813604,5.139169060777694
9.600000000000001,7.003200736510728,5.214719075313805
9.8,7.301348891335915,5.28934049239709
10.0,7.608987952933961,5.363238739829234
